{
    "0.05": [
        0.08499999999999999,
        0.08499999999999999,
        0.01,
        0.915
    ],
    "0.1": [
        0.20249999999999999,
        0.20916666666666667,
        0.0225,
        0.7908333333333333
    ],
    "0.15": [
        0.31500000000000006,
        0.32333333333333336,
        0.016666666666666666,
        0.6766666666666666
    ],
    "0.2": [
        0.38499999999999995,
        0.39749999999999996,
        0.029166666666666664,
        0.6025
    ],
    "0.25": [
        0.4325,
        0.44750000000000006,
        0.04916666666666667,
        0.5525
    ],
    "0.3": [
        0.525,
        0.5691666666666666,
        0.095,
        0.43083333333333335
    ],
    "0.35": [
        0.5650000000000001,
        0.6658333333333333,
        0.1575,
        0.3341666666666666
    ],
    "0.4": [
        0.5800000000000001,
        0.6950000000000001,
        0.16916666666666666,
        0.305
    ],
    "0.45": [
        0.6375,
        0.7708333333333333,
        0.22749999999999998,
        0.22916666666666666
    ],
    "0.5": [
        0.64,
        0.8216666666666667,
        0.24999999999999994,
        0.17833333333333334
    ],
    "0.55": [
        0.6725,
        0.86,
        0.24499999999999997,
        0.14
    ],
    "0.6": [
        0.6849999999999999,
        0.9341666666666667,
        0.275,
        0.06583333333333333
    ],
    "0.65": [
        0.6950000000000001,
        0.99,
        0.35,
        0.01
    ],
    "0.7": [
        0.6799999999999999,
        0.9400000000000001,
        0.35,
        0.01
    ],
    "0.75": [
        0.675,
        1.0,
        0.4,
        0.0
    ],
    "0.8": [
        0.6849999999999999,
        0.95,
        0.35,
        0.0
    ],
    "0.85": [
        0.6025,
        0.95,
        0.375,
        0.0
    ],
    "0.9": [
        0.5800000000000001,
        1.0,
        0.425,
        0.0
    ],
    "0.95": [
        0.5375,
        1.0,
        0.45,
        0.0
    ],
    "1.0": [
        0.49250000000000005,
        0.95,
        0.475,
        0.0
    ]
}